temperature,pressure,x_toluene,x_benzene,y_toluene,y_benzene,,
300,100000,0.01,0.99,0.0040405,0.99596,,
300,100000,0.25,0.75,0.11971,0.88029,,
300,100000,0.5,0.5,0.3,0.7,,
300,100000,0.75,0.25,0.56,0.44,,
300,100000,0.99,0.01,0.98,0.02,,
,,,,,,,
